place_id,tag
101,heritage
101,architecture
101,photography
101,history
101,stepwell
102,spiritual
102,cultural
102,monastery
102,peaceful
102,heritage
103,cultural
103,handloom
103,shopping
103,crafts
103,heritage
104,heritage
104,architecture
104,palace
104,luxury
104,history
105,nature
105,island
105,cultural
105,peaceful
105,scenic
106,beach
106,adventure
106,scenic
106,drivable
106,photography
107,nature
107,trekking
107,scenic
107,adventure
107,valley
108,nature
108,adventure
108,scenic
108,gorge
108,photography
