place_id,name,description,category,locality,district,latitude,longitude,hidden_score,popularity_score,curation_score,best_visit_time,wheelchair_access,parking_available,public_transport,walking_difficulty,tags_source,source_name,source_ref,notes
1,Tamia,"A quiet hill destination in the Satpura region known for forested landscapes, viewpoints and access to Patalkot Valley.",nature,Tamia,Chhindwara,22.34362,78.67082,72,68,94,June-September,UNKNOWN,UNKNOWN,LIMITED,MODERATE,"nature,hills,forest,viewpoints,offbeat",MP Tourism,MP Tourism - Tamia,Quiet hill destination with forested landscapes and viewpoints; access to Patalkot Valley.
2,Patalkot Valley,"A deep horseshoe-shaped valley surrounded by forests and hills, with trekking and opportunities to experience local tribal culture.",nature,Patalkot,Chhindwara,22.25,78.46,84,48,96,October-March,NO,UNKNOWN,LIMITED,HARD,"nature,valley,forest,trekking,tribal,culture,offbeat",MP Tourism,MP Tourism - Patalkot,Deep forested valley offering trekking and opportunities to experience local tribal culture; terrain is hard.
3,Ghatlinga,"A remote tourism village near Patalkot offering forest experiences, village life, trekking, camping and local cultural activities.",local-culture,Ghatlinga,Chhindwara,22.399904,78.707216,91,25,91,October-March,NO,LIMITED,LIMITED,HARD,"tribal,culture,village,nature,trekking,camping",MP Tourism,MP Tourism - Tourism Village Ghatlinga,"Remote tourism village offering village experiences, trekking, camping and local cultural activities."
4,Dhusawani Village,"A tribal village in the Satpura region offering rural experiences, traditional culture, homestays, farming activities and mountain views.",local-culture,Dhusawani,Chhindwara,22.314767,78.635936,90,22,89,October-March,LIMITED,UNKNOWN,LIMITED,MODERATE,"tribal,culture,rural,village,homestay,nature",MP Tourism,MP Tourism - Tourism Village Dhusawani,"Rural tourism experience featuring traditional culture, homestays, farming activities and mountain views."
5,Chaturbhuj Nala Rock Shelters,A prehistoric rock-art site containing painted shelters and archaeological remains in the Mandsaur region.,heritage,Bhanpura,Mandsaur,24.6825,75.66848,88,30,92,October-March,NO,UNKNOWN,LIMITED,HARD,"heritage,prehistoric,rock-art,archaeology,offbeat",Wikidata / ASI reference,Wikidata - Chaturbhujnath Nala Rock Art,Prehistoric rock-art site with painted shelters and archaeological remains; terrain is hard.
6,Dharmrajeshwar Cave Temple,A rock-cut temple complex near Dhamnar featuring carved religious architecture and historic cave structures.,heritage,Dhamnar,Mandsaur,24.19395,75.49889,82,45,91,October-March,LIMITED,UNKNOWN,LIMITED,MODERATE,"heritage,temple,cave,architecture,history",Wikidata,Wikidata - Dharmrajeshwar,Rock-cut temple complex featuring carved religious architecture and historic cave structures.
7,Ahukhana,"A historic deer park and Mughal-era site across the Tapti River from Burhanpur, associated with the Faruqi and Mughal periods.",heritage,Burhanpur,Burhanpur,21.30888,76.24675,87,35,90,October-March,UNKNOWN,UNKNOWN,LIMITED,EASY,"heritage,mughal,history,deer-park,burhanpur",MP Tourism,MP Tourism - Burhanpur,Historic deer park and Mughal-era site associated with the Faruqi and Mughal periods.
8,Dargah-e-Hakimi,A religious and heritage complex in Burhanpur set within landscaped grounds and associated with Saiyedi Abdul Hakimuddin.,heritage,Burhanpur,Burhanpur,21.3344275,76.2169041,62,65,88,October-March,UNKNOWN,UNKNOWN,YES,EASY,"heritage,religious,culture,architecture,burhanpur",MP Tourism,MP Tourism - Burhanpur,Religious and heritage complex associated with Saiyedi Abdul Hakimuddin and set within landscaped grounds.
9,Asirgarh Fort,"A historic hill fort in the Satpura range known for its strategic location, strong fortifications and ancient Shiva temple.",heritage,Asirgarh,Burhanpur,21.47076,76.29376,55,72,90,October-March,NO,UNKNOWN,LIMITED,HARD,"heritage,fort,history,architecture,shiva-temple,offbeat",Wikidata / ASI reference,Wikidata - Asirgarh Fort,"Historic hill fort known for its strategic location, fortifications and ancient Shiva temple; terrain is hard."
10,Sailani Island,A peaceful island retreat on the backwaters of the Omkareshwar Dam offering scenic surroundings and water-based activities.,nature,Sailani,Khandwa,22.238279,76.173377,76,52,93,October-March,UNKNOWN,UNKNOWN,LIMITED,EASY,"nature,island,reservoir,scenic,water-activities",Government of India / MP Tourism,CPCB report - Sailani Island,Peaceful island retreat on the Omkareshwar Dam backwaters offering scenic surroundings and water-based activities.
11,Hanuwantiya Island,"An adventure destination on the Indira Sagar reservoir known for water sports, island experiences and the annual Jal Mahotsav.",adventure,Hanuwantiya,Khandwa,22.1444,76.5876,58,70,92,November-January,UNKNOWN,YES,LIMITED,EASY,"adventure,island,water-sports,reservoir,jal-mahotsav",MP Tourism,MP Tourism - Hanuwantiya,Adventure destination on the Indira Sagar reservoir known for water sports and the annual Jal Mahotsav.
12,Bawangaja,A Jain pilgrimage and heritage site in the Satpura region known for its large rock-cut statue and hilltop temple complex.,heritage,Bawangaja,Barwani,21.996,74.862,73,55,87,October-March,NO,UNKNOWN,LIMITED,HARD,"heritage,jain,pilgrimage,rock-cut,temple,hills",Wikidata / map reference,Map reference - Bawangaja,Jain pilgrimage and heritage site known for its large rock-cut statue and hilltop temple complex.
13,Tawa Reservoir,"A large reservoir surrounded by forested landscapes and small islands, offering scenic nature experiences and boating opportunities.",nature,Tawa,Narmadapuram,22.54109,77.96815,65,63,90,July-October,UNKNOWN,UNKNOWN,LIMITED,EASY,"nature,reservoir,forest,island,scenic,boating",MP Tourism / map reference,MP Tourism - Tawa Reservoir,"Large reservoir surrounded by forests and islands, offering scenic nature experiences and boating opportunities."
14,Bhojeshwar Temple,An unfinished historic Shiva temple at Bhojpur featuring monumental architecture and one of the region's notable heritage structures.,heritage,Bhojpur,Raisen,23.10028,77.57996,42,82,94,October-March,LIMITED,UNKNOWN,LIMITED,MODERATE,"heritage,temple,shiva,architecture,history,unfinished",Wikidata / ASI reference,Wikidata - Bhojeshwar Temple,Unfinished historic Shiva temple featuring monumental architecture and notable heritage significance.
15,Hammam Khana,A protected Mughal-era royal bath associated with the Shahi Qila complex in the historic city of Burhanpur.,heritage,Burhanpur,Burhanpur,21.31083,76.23333,79,40,88,October-March,UNKNOWN,UNKNOWN,YES,EASY,"heritage,mughal,history,architecture,burhanpur",National Monuments Authority / MP Tourism,"NMA - Hammam Khana, Burhanpur",Protected Mughal-era royal bath associated with the Shahi Qila complex in historic Burhanpur.
16,Shah Nawaz Khan Tomb,"A Mughal-era black stone mausoleum on the banks of the Utawali River, known locally as the Black Taj Mahal of Burhanpur.",heritage,Burhanpur,Burhanpur,21.3177,76.2395,82,42,89,October-March,UNKNOWN,UNKNOWN,YES,EASY,"heritage,history,mughal,architecture",Burhanpur District / MP Tourism,Shah Nawaz Khan Tomb,Offbeat heritage site; coordinate cross-reference used.
17,Kheoni Wildlife Sanctuary,"A lesser-known dry deciduous forest landscape between Dewas and Sehore known for wildlife, biodiversity and rugged natural surroundings.",wildlife,Kheoni,Dewas,22.8373,76.8765,78,38,91,October-March,UNKNOWN,LIMITED,LIMITED,MODERATE,"wildlife,nature,forest,birds,offbeat",MP Tourism,Kheoni Wildlife Sanctuary,Protected wildlife area; access and activities should follow forest regulations.
18,Umargohan Tourism Village,"A tribal tourism village near Amarkantak surrounded by hills and waterfalls, offering lake activities, hiking, cycling, local food and homestay experiences.",local-culture,Umargohan,Anuppur,22.76831,81.76929,93,20,94,October-March,LIMITED,LIMITED,LIMITED,MODERATE,"tribal,culture,village,nature,homestay",MP Tourism,Tourism Village Umargohan,Responsible Tourism Mission village.
19,"Chausath Yogini Temple, Mitawali",A distinctive circular hilltop temple in Morena associated with the Chausath Yogini tradition and known for its unusual architectural design.,heritage,Mitawali,Morena,26.436382,78.23554,74,58,93,October-March,NO,LIMITED,LIMITED,HARD,"heritage,temple,architecture,history",Government of India / Morena District,"Chausath Yogini Temple, Morena",Approximately 100 steps lead to the hilltop temple.
20,Aiti Tourism Village,A historically significant rural tourism village in Morena known for the Chausath Yogini and Ekattarso Mahadeva heritage traditions.,local-culture,Aiti,Morena,26.39395,78.21743,89,24,90,October-March,UNKNOWN,LIMITED,LIMITED,MODERATE,"rural,heritage,culture,spiritual",MP Tourism,Tourism Village Aiti,Responsible Tourism Mission village.
21,Khokhara & Thadipathar,"A forest-fringed rural tourism area in Sidhi surrounded by mountains and caves, offering a quieter nature and village experience.",nature,Khokhara,Sidhi,24.04509028,81.87283472,94,15,90,October-March,NO,LIMITED,LIMITED,HARD,"nature,forest,village,caves,offbeat",MP Tourism / Sidhi District Survey,Tourism Village Khokhara & Thadipathar,Rural tourism destination; coordinate represents Khokhara village.
22,Deogarh Fort,A historic Gond fort and former regional centre situated on a hilltop in the forested landscape of Chhindwara district.,heritage,Deogarh,Chhindwara,21.88273,78.73288,81,35,91,October-March,NO,LIMITED,LIMITED,HARD,"heritage,fort,gond,history,offbeat",ASI / MP Tourism,Deogarh Fort,Protected heritage monument.
23,Chimtipur Tourism Village,"A Gond tribal tourism village in Chhindwara offering rural experiences, traditional culture, local cuisine and access to the hilly Satpura landscape.",local-culture,Chimtipur,Chhindwara,22.422405,78.814506,92,18,91,October-March,LIMITED,LIMITED,LIMITED,MODERATE,"tribal,culture,rural,nature,homestay",MP Tourism,Tourism Village Chimtipur,Responsible Tourism Mission village.
24,Mandu,"A historic hilltop settlement known for Afghan-style architecture, palaces, gateways and scenic ruins.",heritage,Mandu,Dhar,22.3333,75.4,55,78,94,October-March,LIMITED,YES,LIMITED,MODERATE,Curated geographic/tourism dataset,Official tourism / public geographic references,Public reference record - Mandu,"Location is a real, established destination; access conditions can vary seasonally."
25,Sanchi Stupa,Ancient Buddhist monument complex centered on the Great Stupa and several historic gateways.,heritage,Sanchi,Raisen,23.4794,77.7397,35,88,98,October-March,YES,YES,YES,EASY,Curated geographic/tourism dataset,Official tourism / public geographic references,Public reference record - Sanchi Stupa,"Location is a real, established destination; access conditions can vary seasonally."
26,Bhimbetka Rock Shelters,UNESCO-listed prehistoric rock shelters containing extensive ancient paintings and archaeological remains.,heritage,Bhimbetka,Raisen,22.9372,77.6125,72,65,97,October-March,LIMITED,YES,LIMITED,MODERATE,Curated geographic/tourism dataset,Official tourism / public geographic references,Public reference record - Bhimbetka Rock Shelters,"Location is a real, established destination; access conditions can vary seasonally."
27,Khajuraho Group of Monuments,UNESCO-listed temple complex renowned for medieval Nagara architecture and detailed stone sculpture.,heritage,Khajuraho,Chhatarpur,24.8318,79.9199,30,95,99,October-March,LIMITED,YES,YES,MODERATE,Curated geographic/tourism dataset,Official tourism / public geographic references,Public reference record - Khajuraho Group of Monuments,"Location is a real, established destination; access conditions can vary seasonally."
28,Orchha Fort Complex,Historic fort and palace complex on the Betwa River featuring Rajput-era architecture and temples.,heritage,Orchha,Niwari,25.3519,78.64,42,90,97,October-March,LIMITED,YES,LIMITED,MODERATE,Curated geographic/tourism dataset,Official tourism / public geographic references,Public reference record - Orchha Fort Complex,"Location is a real, established destination; access conditions can vary seasonally."
29,Gwalior Fort,"Major hill fort with palaces, temples and monumental architecture overlooking Gwalior.",heritage,Gwalior,Gwalior,26.2296,78.1734,45,92,96,October-March,LIMITED,YES,YES,HARD,Curated geographic/tourism dataset,Official tourism / public geographic references,Public reference record - Gwalior Fort,"Location is a real, established destination; access conditions can vary seasonally."
30,Jai Vilas Palace,"Historic palace and museum displaying royal interiors, collections and the famous Durbar Hall.",heritage,Gwalior,Gwalior,26.2044,78.1574,40,82,92,October-March,YES,YES,YES,EASY,Curated geographic/tourism dataset,Official tourism / public geographic references,Public reference record - Jai Vilas Palace,"Location is a real, established destination; access conditions can vary seasonally."
31,Bateshwar Temples Morena,Cluster of sandstone Hindu and Jain temples spread across an archaeological landscape near Morena.,heritage,Bateshwar,Morena,26.3422,78.2169,78,52,91,October-March,NO,LIMITED,LIMITED,MODERATE,Curated geographic/tourism dataset,Official tourism / public geographic references,Public reference record - Bateshwar Temples Morena,"Location is a real, established destination; access conditions can vary seasonally."
32,Rani Durgavati Museum,"Museum in Jabalpur containing archaeological, tribal and historical collections from central India.",heritage,Jabalpur,Jabalpur,23.1815,79.9864,50,62,86,October-March,YES,LIMITED,YES,EASY,Curated geographic/tourism dataset,Official tourism / public geographic references,Public reference record - Rani Durgavati Museum,"Location is a real, established destination; access conditions can vary seasonally."
33,Marble Rocks Bhedaghat,"Dramatic marble cliffs along the Narmada River, best experienced around Bhedaghat and the river gorge.",nature,Bhedaghat,Jabalpur,23.1322,79.8014,42,91,95,October-March,LIMITED,YES,YES,EASY,Curated geographic/tourism dataset,Official tourism / public geographic references,Public reference record - Marble Rocks Bhedaghat,"Location is a real, established destination; access conditions can vary seasonally."
34,Dhuandhar Falls,"Powerful Narmada waterfall at Bhedaghat, with viewpoints and access to the surrounding marble gorge.",nature,Bhedaghat,Jabalpur,23.1267,79.8006,38,94,96,October-March,LIMITED,YES,YES,EASY,Curated geographic/tourism dataset,Official tourism / public geographic references,Public reference record - Dhuandhar Falls,"Location is a real, established destination; access conditions can vary seasonally."
35,Pachmarhi,"Satpura hill station known for forests, viewpoints, waterfalls, caves and colonial-era heritage.",nature,Pachmarhi,Narmadapuram,22.4675,78.4333,52,89,95,October-March,LIMITED,YES,LIMITED,MODERATE,Curated geographic/tourism dataset,Official tourism / public geographic references,Public reference record - Pachmarhi,"Location is a real, established destination; access conditions can vary seasonally."
36,Bee Fall,Popular waterfall near Pachmarhi reached by a forest trail and steps.,nature,Pachmarhi,Narmadapuram,22.4727,78.4326,55,76,91,July-October,NO,LIMITED,LIMITED,HARD,Curated geographic/tourism dataset,Official tourism / public geographic references,Public reference record - Bee Fall,"Location is a real, established destination; access conditions can vary seasonally."
37,Satpura National Park,"Protected Satpura landscape offering forests, wildlife viewing, boating and guided safaris.",wildlife,Madhai,Narmadapuram,22.56,78.35,70,78,95,October-June,LIMITED,YES,LIMITED,MODERATE,Curated geographic/tourism dataset,Official tourism / public geographic references,Public reference record - Satpura National Park,"Location is a real, established destination; access conditions can vary seasonally."
38,Pench National Park,Tiger reserve and forest landscape famous for wildlife safaris and the Pench River ecosystem.,wildlife,Turia,Seoni,21.8,79.3,60,90,96,October-June,LIMITED,YES,LIMITED,MODERATE,Curated geographic/tourism dataset,Official tourism / public geographic references,Public reference record - Pench National Park,"Location is a real, established destination; access conditions can vary seasonally."
39,Kanha National Park,"Large sal-forest tiger reserve known for wildlife safaris, meadows and diverse fauna.",wildlife,Khatia,Mandla,22.3345,80.6115,58,96,98,October-June,LIMITED,YES,LIMITED,MODERATE,Curated geographic/tourism dataset,Official tourism / public geographic references,Public reference record - Kanha National Park,"Location is a real, established destination; access conditions can vary seasonally."
40,Bandhavgarh National Park,Tiger reserve centered on Bandhavgarh Fort and a rugged forested landscape.,wildlife,Tala,Umaria,23.685,81.026,55,96,98,October-June,LIMITED,YES,LIMITED,MODERATE,Curated geographic/tourism dataset,Official tourism / public geographic references,Public reference record - Bandhavgarh National Park,"Location is a real, established destination; access conditions can vary seasonally."
41,Panna National Park,"Protected forest and river landscape known for wildlife, waterfalls and the Ken River.",wildlife,Madla,Panna,24.718,80.191,62,85,95,October-June,LIMITED,YES,LIMITED,MODERATE,Curated geographic/tourism dataset,Official tourism / public geographic references,Public reference record - Panna National Park,"Location is a real, established destination; access conditions can vary seasonally."
42,Bori Wildlife Sanctuary,Historic protected forest within the Satpura landscape and one of India's older reserve forests.,wildlife,Bori,Narmadapuram,22.5,77.95,82,38,87,October-June,NO,LIMITED,LIMITED,HARD,Curated geographic/tourism dataset,Official tourism / public geographic references,Public reference record - Bori Wildlife Sanctuary,"Location is a real, established destination; access conditions can vary seasonally."
43,Van Vihar National Park,Urban wildlife park beside Upper Lake with a variety of rescued and captive-bred animals.,wildlife,Bhopal,Bhopal,23.231,77.334,45,86,92,October-March,YES,YES,YES,EASY,Curated geographic/tourism dataset,Official tourism / public geographic references,Public reference record - Van Vihar National Park,"Location is a real, established destination; access conditions can vary seasonally."
44,Bhoj Wetland,Pair of connected urban lakes recognized as an important wetland and recreational landscape.,nature,Bhopal,Bhopal,23.2599,77.3433,48,79,90,October-March,YES,YES,YES,EASY,Curated geographic/tourism dataset,Official tourism / public geographic references,Public reference record - Bhoj Wetland,"Location is a real, established destination; access conditions can vary seasonally."
45,Upper Lake Bhopal,"Large historic lake supporting boating, birdlife and views across Bhopal.",nature,Bhopal,Bhopal,23.26,77.34,50,88,92,October-March,YES,YES,YES,EASY,Curated geographic/tourism dataset,Official tourism / public geographic references,Public reference record - Upper Lake Bhopal,"Location is a real, established destination; access conditions can vary seasonally."
46,Lower Lake Bhopal,Historic urban lake near the old city and a popular waterfront recreation area.,nature,Bhopal,Bhopal,23.2508,77.35,58,73,87,October-March,YES,YES,YES,EASY,Curated geographic/tourism dataset,Official tourism / public geographic references,Public reference record - Lower Lake Bhopal,"Location is a real, established destination; access conditions can vary seasonally."
47,Tawa Dam,Large reservoir on the Tawa River surrounded by forested Satpura landscapes.,nature,Tawa,Narmadapuram,22.55,77.98,64,67,89,July-March,LIMITED,YES,LIMITED,EASY,Curated geographic/tourism dataset,Official tourism / public geographic references,Public reference record - Tawa Dam,"Location is a real, established destination; access conditions can vary seasonally."
48,Madhai,"Forest tourism zone and safari gateway in the Satpura landscape, with river and wildlife experiences.",wildlife,Madhai,Narmadapuram,22.5667,78.35,67,72,91,October-June,LIMITED,YES,LIMITED,MODERATE,Curated geographic/tourism dataset,Official tourism / public geographic references,Public reference record - Madhai,"Location is a real, established destination; access conditions can vary seasonally."
49,Patalpani Waterfall,Seasonal waterfall near Indore surrounded by rocky hills and monsoon greenery.,nature,Patalpani,Indore,22.6133,75.695,62,88,91,July-September,LIMITED,YES,LIMITED,MODERATE,Curated geographic/tourism dataset,Official tourism / public geographic references,Public reference record - Patalpani Waterfall,"Location is a real, established destination; access conditions can vary seasonally."
50,Janapav Hill,"Scenic hill in the Malwa region associated with trekking, forests and panoramic views.",nature,Janapav,Indore,22.674,75.714,70,61,88,July-March,NO,LIMITED,LIMITED,MODERATE,Curated geographic/tourism dataset,Official tourism / public geographic references,Public reference record - Janapav Hill,"Location is a real, established destination; access conditions can vary seasonally."
51,Ralamandal Wildlife Sanctuary,Small forested wildlife sanctuary on the outskirts of Indore with trails and viewpoints.,wildlife,Ralamandal,Indore,22.7,75.9,67,66,88,October-March,LIMITED,YES,LIMITED,MODERATE,Curated geographic/tourism dataset,Official tourism / public geographic references,Public reference record - Ralamandal Wildlife Sanctuary,"Location is a real, established destination; access conditions can vary seasonally."
52,Gandhi Sagar Reservoir,Large reservoir and scenic landscape on the Chambal River with nearby wildlife and recreation.,nature,Gandhi Sagar,Mandsaur,24.65,75.56,70,65,89,October-March,LIMITED,YES,LIMITED,EASY,Curated geographic/tourism dataset,Official tourism / public geographic references,Public reference record - Gandhi Sagar Reservoir,"Location is a real, established destination; access conditions can vary seasonally."
53,Gandhi Sagar Sanctuary,Protected forest and ravine landscape around the Gandhi Sagar reservoir.,wildlife,Gandhi Sagar,Mandsaur,24.7,75.55,79,43,90,October-March,NO,LIMITED,LIMITED,MODERATE,Curated geographic/tourism dataset,Official tourism / public geographic references,Public reference record - Gandhi Sagar Sanctuary,"Location is a real, established destination; access conditions can vary seasonally."
54,Omkareshwar Temple,Major Hindu pilgrimage temple complex on an island in the Narmada River.,heritage,Omkareshwar,Khandwa,22.241,76.15,30,96,96,October-March,LIMITED,LIMITED,YES,MODERATE,Curated geographic/tourism dataset,Official tourism / public geographic references,Public reference record - Omkareshwar Temple,"Location is a real, established destination; access conditions can vary seasonally."
55,Mamleshwar Temple,Historic temple on the southern bank of the Narmada opposite Omkareshwar island.,heritage,Omkareshwar,Khandwa,22.2416,76.1515,48,82,91,October-March,LIMITED,LIMITED,YES,EASY,Curated geographic/tourism dataset,Official tourism / public geographic references,Public reference record - Mamleshwar Temple,"Location is a real, established destination; access conditions can vary seasonally."
56,Maheshwar Fort,"Riverside fort and palace complex overlooking the Narmada, associated with Ahilyabai Holkar.",heritage,Maheshwar,Khargone,22.176,75.587,44,90,96,October-March,LIMITED,YES,YES,MODERATE,Curated geographic/tourism dataset,Official tourism / public geographic references,Public reference record - Maheshwar Fort,"Location is a real, established destination; access conditions can vary seasonally."
57,Ahilya Fort,Historic riverside palace and fort precinct forming the architectural heart of Maheshwar.,heritage,Maheshwar,Khargone,22.1762,75.5862,48,85,94,October-March,LIMITED,YES,YES,MODERATE,Curated geographic/tourism dataset,Official tourism / public geographic references,Public reference record - Ahilya Fort,"Location is a real, established destination; access conditions can vary seasonally."
58,Kedareshwar Temple Maheshwar,Historic temple near the Narmada ghats in Maheshwar.,heritage,Maheshwar,Khargone,22.177,75.588,63,68,88,October-March,LIMITED,LIMITED,YES,MODERATE,Curated geographic/tourism dataset,Official tourism / public geographic references,Public reference record - Kedareshwar Temple Maheshwar,"Location is a real, established destination; access conditions can vary seasonally."
59,Choral Dam,Reservoir and forested hill landscape southwest of Indore used for nature outings.,nature,Choral,Indore,22.532,75.72,73,55,86,July-March,LIMITED,YES,LIMITED,EASY,Curated geographic/tourism dataset,Official tourism / public geographic references,Public reference record - Choral Dam,"Location is a real, established destination; access conditions can vary seasonally."
60,Tincha Falls,Popular monsoon waterfall near Indore surrounded by rocky terrain and greenery.,nature,Tincha,Indore,22.571,75.77,58,82,89,July-September,NO,LIMITED,LIMITED,MODERATE,Curated geographic/tourism dataset,Official tourism / public geographic references,Public reference record - Tincha Falls,"Location is a real, established destination; access conditions can vary seasonally."
61,Lalbagh Palace,Historic Holkar palace in Indore with European-inspired architecture and landscaped grounds.,heritage,Indore,Indore,22.697,75.842,44,86,93,October-March,YES,YES,YES,EASY,Curated geographic/tourism dataset,Official tourism / public geographic references,Public reference record - Lalbagh Palace,"Location is a real, established destination; access conditions can vary seasonally."
62,Rajwada Palace,Historic seven-storey palace and landmark in the center of Indore's old market district.,heritage,Indore,Indore,22.7179,75.8577,35,94,94,October-March,LIMITED,LIMITED,YES,EASY,Curated geographic/tourism dataset,Official tourism / public geographic references,Public reference record - Rajwada Palace,"Location is a real, established destination; access conditions can vary seasonally."
63,Kanch Mandir,Jain temple in Indore noted for its interior decorated with glass and mirror work.,heritage,Indore,Indore,22.716,75.85,45,77,89,October-March,LIMITED,LIMITED,YES,EASY,Curated geographic/tourism dataset,Official tourism / public geographic references,Public reference record - Kanch Mandir,"Location is a real, established destination; access conditions can vary seasonally."
64,Chappan Dukan,Popular food and shopping district in Indore known for a concentrated street-food scene.,local-culture,Indore,Indore,22.723,75.879,40,93,88,October-March,YES,LIMITED,YES,EASY,Curated geographic/tourism dataset,Official tourism / public geographic references,Public reference record - Chappan Dukan,"Location is a real, established destination; access conditions can vary seasonally."
65,Sarafa Bazaar,Night food market in old Indore famous for local snacks and sweets.,local-culture,Indore,Indore,22.7165,75.857,38,95,91,October-March,LIMITED,LIMITED,YES,EASY,Curated geographic/tourism dataset,Official tourism / public geographic references,Public reference record - Sarafa Bazaar,"Location is a real, established destination; access conditions can vary seasonally."
66,Sailana Palace,Historic royal residence in Sailana associated with the former princely state.,heritage,Sailana,Ratlam,23.462,74.92,76,42,82,October-March,LIMITED,YES,LIMITED,EASY,Curated geographic/tourism dataset,Official tourism / public geographic references,Public reference record - Sailana Palace,"Location is a real, established destination; access conditions can vary seasonally."
67,Ratlam Railway Colony Heritage,Historic railway-era urban area reflecting Ratlam's role on major central Indian rail routes.,heritage,Ratlam,Ratlam,23.3315,75.0367,78,32,80,October-March,LIMITED,LIMITED,YES,EASY,Curated geographic/tourism dataset,Official tourism / public geographic references,Public reference record - Ratlam Railway Colony Heritage,"Location is a real, established destination; access conditions can vary seasonally."
68,Chanderi Fort,Hilltop fort overlooking the historic town of Chanderi and its medieval monuments.,heritage,Chanderi,Ashoknagar,24.718,78.138,59,70,92,October-March,NO,LIMITED,LIMITED,HARD,Curated geographic/tourism dataset,Official tourism / public geographic references,Public reference record - Chanderi Fort,"Location is a real, established destination; access conditions can vary seasonally."
69,Koshak Mahal,Monumental 15th-century structure in Chanderi known for its distinctive planned architecture.,heritage,Chanderi,Ashoknagar,24.714,78.142,73,52,89,October-March,LIMITED,YES,LIMITED,MODERATE,Curated geographic/tourism dataset,Official tourism / public geographic references,Public reference record - Koshak Mahal,"Location is a real, established destination; access conditions can vary seasonally."
70,Badal Mahal Gate,Historic gateway and landmark in Chanderi's medieval urban landscape.,heritage,Chanderi,Ashoknagar,24.72,78.14,68,55,87,October-March,LIMITED,LIMITED,YES,EASY,Curated geographic/tourism dataset,Official tourism / public geographic references,Public reference record - Badal Mahal Gate,"Location is a real, established destination; access conditions can vary seasonally."
71,Bawangaja Jain Temple,Major Jain pilgrimage site with a monumental statue carved into a mountain face.,heritage,Bawangaja,Barwani,21.996,74.862,70,61,91,October-March,NO,LIMITED,LIMITED,HARD,Curated geographic/tourism dataset,Official tourism / public geographic references,Public reference record - Bawangaja Jain Temple,"Location is a real, established destination; access conditions can vary seasonally."
72,Mandu Jahaz Mahal,Iconic palace in Mandu built between two lakes and noted for its ship-like silhouette.,heritage,Mandu,Dhar,22.3667,75.3833,42,92,96,October-March,LIMITED,YES,LIMITED,EASY,Curated geographic/tourism dataset,Official tourism / public geographic references,Public reference record - Mandu Jahaz Mahal,"Location is a real, established destination; access conditions can vary seasonally."
73,Hindola Mahal,Distinctive medieval palace in Mandu with sloping buttress walls and grand interior spaces.,heritage,Mandu,Dhar,22.3655,75.387,48,84,93,October-March,LIMITED,YES,LIMITED,EASY,Curated geographic/tourism dataset,Official tourism / public geographic references,Public reference record - Hindola Mahal,"Location is a real, established destination; access conditions can vary seasonally."
74,Hoshang Shah's Tomb,Early Indo-Islamic marble tomb in Mandu noted for its architectural influence.,heritage,Mandu,Dhar,22.365,75.388,52,82,93,October-March,LIMITED,YES,LIMITED,EASY,Curated geographic/tourism dataset,Official tourism / public geographic references,Public reference record - Hoshang Shah's Tomb,"Location is a real, established destination; access conditions can vary seasonally."
75,Rewa Kund,Historic water tank and pavilion complex in Mandu associated with Baz Bahadur and Rupmati traditions.,heritage,Mandu,Dhar,22.346,75.39,68,64,89,October-March,NO,LIMITED,LIMITED,MODERATE,Curated geographic/tourism dataset,Official tourism / public geographic references,Public reference record - Rewa Kund,"Location is a real, established destination; access conditions can vary seasonally."
76,Rani Roopmati Pavilion,Hilltop pavilion in Mandu with wide views toward the Narmada valley.,heritage,Mandu,Dhar,22.345,75.391,54,87,94,October-March,NO,LIMITED,LIMITED,MODERATE,Curated geographic/tourism dataset,Official tourism / public geographic references,Public reference record - Rani Roopmati Pavilion,"Location is a real, established destination; access conditions can vary seasonally."
77,Sagar Lake,Historic urban lake in Sagar used for recreation and as a local landscape landmark.,nature,Sagar,Sagar,23.838,78.7378,70,50,82,October-March,YES,YES,YES,EASY,Curated geographic/tourism dataset,Official tourism / public geographic references,Public reference record - Sagar Lake,"Location is a real, established destination; access conditions can vary seasonally."
78,Rahli Waterfall,Seasonal natural attraction in the Sagar region surrounded by rural and rocky landscapes.,nature,Rahli,Sagar,23.638,79.073,82,32,80,July-September,NO,LIMITED,LIMITED,HARD,Curated geographic/tourism dataset,Official tourism / public geographic references,Public reference record - Rahli Waterfall,"Location is a real, established destination; access conditions can vary seasonally."
79,Amarkantak,Pilgrimage and nature destination at the meeting point of the Vindhya and Satpura ranges.,nature,Amarkantak,Anuppur,22.674,81.753,54,86,94,October-March,LIMITED,YES,LIMITED,MODERATE,Curated geographic/tourism dataset,Official tourism / public geographic references,Public reference record - Amarkantak,"Location is a real, established destination; access conditions can vary seasonally."
80,Narmada Udgam Temple,Temple complex marking the traditional source of the Narmada River at Amarkantak.,heritage,Amarkantak,Anuppur,22.674,81.751,38,89,94,October-March,LIMITED,YES,YES,EASY,Curated geographic/tourism dataset,Official tourism / public geographic references,Public reference record - Narmada Udgam Temple,"Location is a real, established destination; access conditions can vary seasonally."
81,Kapildhara Falls,Waterfall near Amarkantak reached through a forested landscape and pilgrimage route.,nature,Amarkantak,Anuppur,22.651,81.778,68,72,90,July-March,NO,LIMITED,LIMITED,MODERATE,Curated geographic/tourism dataset,Official tourism / public geographic references,Public reference record - Kapildhara Falls,"Location is a real, established destination; access conditions can vary seasonally."
82,Dudh Dhara Falls,Smaller waterfall downstream from Kapildhara in the Amarkantak landscape.,nature,Amarkantak,Anuppur,22.642,81.781,74,60,87,July-March,NO,LIMITED,LIMITED,MODERATE,Curated geographic/tourism dataset,Official tourism / public geographic references,Public reference record - Dudh Dhara Falls,"Location is a real, established destination; access conditions can vary seasonally."
83,Malanjkhand,Mineral-rich forest region in Balaghat known primarily for mining and surrounding natural landscapes.,nature,Malanjkhand,Balaghat,21.9,80.35,88,24,76,October-March,LIMITED,LIMITED,LIMITED,MODERATE,Curated geographic/tourism dataset,Official tourism / public geographic references,Public reference record - Malanjkhand,"Location is a real, established destination; access conditions can vary seasonally."
84,Fossil National Park Ghughwa,Protected fossil site displaying ancient plant fossils and geological heritage.,heritage,Ghughwa,Dindori,22.87,81.35,92,28,85,October-March,LIMITED,YES,LIMITED,EASY,Curated geographic/tourism dataset,Official tourism / public geographic references,Public reference record - Fossil National Park Ghughwa,"Location is a real, established destination; access conditions can vary seasonally."
85,Ater Fort,Historic hill fort near the Chambal River known for its medieval defensive architecture.,heritage,Ater,Bhind,26.71,78.69,82,36,87,October-March,NO,LIMITED,LIMITED,HARD,Curated geographic/tourism dataset,Official tourism / public geographic references,Public reference record - Ater Fort,"Location is a real, established destination; access conditions can vary seasonally."
86,National Chambal Sanctuary,"Riverine protected area known for gharials, river dolphins, turtles and migratory birds.",wildlife,Morena,Morena,26.73,78.5,74,68,94,November-March,LIMITED,YES,LIMITED,MODERATE,Curated geographic/tourism dataset,Official tourism / public geographic references,Public reference record - National Chambal Sanctuary,"Location is a real, established destination; access conditions can vary seasonally."
87,Kuno National Park,Protected woodland and grassland landscape in Madhya Pradesh known for wildlife conservation.,wildlife,Sesaipura,Sheopur,25.55,77.05,72,78,95,October-June,LIMITED,YES,LIMITED,MODERATE,Curated geographic/tourism dataset,Official tourism / public geographic references,Public reference record - Kuno National Park,"Location is a real, established destination; access conditions can vary seasonally."
88,Madhav National Park,Protected forest and lake landscape near Shivpuri with wildlife and historic structures.,wildlife,Shivpuri,Shivpuri,25.44,77.75,68,67,90,October-June,LIMITED,YES,LIMITED,MODERATE,Curated geographic/tourism dataset,Official tourism / public geographic references,Public reference record - Madhav National Park,"Location is a real, established destination; access conditions can vary seasonally."
89,Sakhya Sagar Lake,Scenic lake within the Madhav National Park landscape and an important wetland for birds.,nature,Shivpuri,Shivpuri,25.433,77.746,68,64,89,October-March,LIMITED,YES,LIMITED,EASY,Curated geographic/tourism dataset,Official tourism / public geographic references,Public reference record - Sakhya Sagar Lake,"Location is a real, established destination; access conditions can vary seasonally."
90,George Castle Shivpuri,Historic viewpoint and hunting lodge overlooking the Madhav National Park landscape.,heritage,Shivpuri,Shivpuri,25.42,77.73,76,48,86,October-March,NO,LIMITED,LIMITED,MODERATE,Curated geographic/tourism dataset,Official tourism / public geographic references,Public reference record - George Castle Shivpuri,"Location is a real, established destination; access conditions can vary seasonally."
91,Sonagiri Jain Temples,Large Jain pilgrimage complex of hilltop temples near Datia.,heritage,Sonagiri,Datia,25.5,78.58,57,72,92,October-March,LIMITED,YES,LIMITED,HARD,Curated geographic/tourism dataset,Official tourism / public geographic references,Public reference record - Sonagiri Jain Temples,"Location is a real, established destination; access conditions can vary seasonally."
92,Datia Palace,Seven-storey palace built in Bundela architectural style and one of Datia's best-known monuments.,heritage,Datia,Datia,25.67,78.46,50,82,94,October-March,LIMITED,YES,YES,MODERATE,Curated geographic/tourism dataset,Official tourism / public geographic references,Public reference record - Datia Palace,"Location is a real, established destination; access conditions can vary seasonally."
93,Pitambara Peeth,Major Hindu religious complex and pilgrimage destination in Datia.,heritage,Datia,Datia,25.673,78.461,42,86,90,October-March,LIMITED,LIMITED,YES,EASY,Curated geographic/tourism dataset,Official tourism / public geographic references,Public reference record - Pitambara Peeth,"Location is a real, established destination; access conditions can vary seasonally."
94,Jhansi Fort,Historic fort associated with Rani Lakshmibai and the 1857 uprising.,heritage,Jhansi,Jhansi,25.4589,78.5799,40,94,96,October-March,LIMITED,YES,YES,HARD,Curated geographic/tourism dataset,Official tourism / public geographic references,Public reference record - Jhansi Fort,"Location is a real, established destination; access conditions can vary seasonally."
95,Rani Mahal Jhansi,Historic palace associated with the rulers of Jhansi and now used as a museum.,heritage,Jhansi,Jhansi,25.45,78.58,52,79,89,October-March,LIMITED,LIMITED,YES,EASY,Curated geographic/tourism dataset,Official tourism / public geographic references,Public reference record - Rani Mahal Jhansi,"Location is a real, established destination; access conditions can vary seasonally."
96,Lakshmibai Park,Urban memorial park near the historic Jhansi Fort area dedicated to Rani Lakshmibai.,local-culture,Jhansi,Jhansi,25.452,78.576,61,65,82,October-March,YES,YES,YES,EASY,Curated geographic/tourism dataset,Official tourism / public geographic references,Public reference record - Lakshmibai Park,"Location is a real, established destination; access conditions can vary seasonally."
97,Son River Gorge Sidhi,Scenic river and rocky landscape in the Sidhi region of eastern Madhya Pradesh.,nature,Sidhi,Sidhi,24.41,81.88,84,27,82,October-March,NO,LIMITED,LIMITED,HARD,Curated geographic/tourism dataset,Official tourism / public geographic references,Public reference record - Son River Gorge Sidhi,"Location is a real, established destination; access conditions can vary seasonally."
98,Sanjay-Dubri Tiger Reserve,Large protected forest landscape in eastern Madhya Pradesh with tiger habitat and diverse wildlife.,wildlife,Dubri,Sidhi,24.6,81.6,79,46,91,October-June,NO,LIMITED,LIMITED,HARD,Curated geographic/tourism dataset,Official tourism / public geographic references,Public reference record - Sanjay-Dubri Tiger Reserve,"Location is a real, established destination; access conditions can vary seasonally."
99,Bagdara Wildlife Sanctuary,Protected forest and wildlife landscape in the Sidhi region.,wildlife,Bagdara,Sidhi,24.2,82.0,86,30,85,October-June,NO,LIMITED,LIMITED,HARD,Curated geographic/tourism dataset,Official tourism / public geographic references,Public reference record - Bagdara Wildlife Sanctuary,"Location is a real, established destination; access conditions can vary seasonally."
100,Chitrakoot Ramghat,Riverside pilgrimage area on the Mandakini River surrounded by temples and ghats.,heritage,Chitrakoot,Satna,25.18,80.87,44,90,92,October-March,LIMITED,LIMITED,YES,MODERATE,Curated geographic/tourism dataset,Official tourism / public geographic references,Public reference record - Chitrakoot Ramghat,"Location is a real, established destination; access conditions can vary seasonally."
101,Gupt Godavari Caves,Natural limestone caves associated with local religious traditions near Chitrakoot.,nature,Chitrakoot,Satna,25.16,80.87,62,82,90,October-March,NO,LIMITED,LIMITED,MODERATE,Curated geographic/tourism dataset,Official tourism / public geographic references,Public reference record - Gupt Godavari Caves,"Location is a real, established destination; access conditions can vary seasonally."
102,Hanuman Dhara,Hilltop pilgrimage site near Chitrakoot reached by a substantial staircase.,heritage,Chitrakoot,Satna,25.19,80.88,54,78,87,October-March,NO,LIMITED,LIMITED,HARD,Curated geographic/tourism dataset,Official tourism / public geographic references,Public reference record - Hanuman Dhara,"Location is a real, established destination; access conditions can vary seasonally."
103,Kalinjar Fort,"Massive historic hill fort in the Bundelkhand region with temples, reservoirs and defensive structures.",heritage,Kalinjar,Banda,25.12,80.48,74,62,94,October-March,NO,LIMITED,LIMITED,HARD,Curated geographic/tourism dataset,Official tourism / public geographic references,Public reference record - Kalinjar Fort,"Location is a real, established destination; access conditions can vary seasonally."
104,Rewa Fort,Historic palace and fort complex in Rewa associated with the Baghel rulers.,heritage,Rewa,Rewa,24.53,81.3,65,62,87,October-March,LIMITED,YES,YES,MODERATE,Curated geographic/tourism dataset,Official tourism / public geographic references,Public reference record - Rewa Fort,"Location is a real, established destination; access conditions can vary seasonally."
105,Venkat Bhawan Rewa,Historic palace complex in Rewa with royal architecture and landscaped surroundings.,heritage,Rewa,Rewa,24.533,81.3,72,43,82,October-March,LIMITED,YES,YES,EASY,Curated geographic/tourism dataset,Official tourism / public geographic references,Public reference record - Venkat Bhawan Rewa,"Location is a real, established destination; access conditions can vary seasonally."
106,Purva Falls,Seasonal waterfall near Rewa dropping into a forested gorge.,nature,Purwa,Rewa,24.48,81.26,75,55,87,July-September,NO,LIMITED,LIMITED,HARD,Curated geographic/tourism dataset,Official tourism / public geographic references,Public reference record - Purva Falls,"Location is a real, established destination; access conditions can vary seasonally."
107,Keoti Falls,Waterfall in the Rewa region formed by the Mahana River and surrounded by rocky terrain.,nature,Keoti,Rewa,24.45,81.48,76,52,87,July-September,NO,LIMITED,LIMITED,HARD,Curated geographic/tourism dataset,Official tourism / public geographic references,Public reference record - Keoti Falls,"Location is a real, established destination; access conditions can vary seasonally."
108,Bahuti Falls,High seasonal waterfall near Rewa and one of the region's notable natural attractions.,nature,Bahuti,Rewa,24.33,81.44,82,44,85,July-September,NO,LIMITED,LIMITED,HARD,Curated geographic/tourism dataset,Official tourism / public geographic references,Public reference record - Bahuti Falls,"Location is a real, established destination; access conditions can vary seasonally."
109,Maihar Sharda Devi Temple,Hilltop temple complex in Maihar reached by a long stairway and ropeway.,heritage,Maihar,Satna,24.265,80.75,42,91,92,October-March,LIMITED,YES,YES,HARD,Curated geographic/tourism dataset,Official tourism / public geographic references,Public reference record - Maihar Sharda Devi Temple,"Location is a real, established destination; access conditions can vary seasonally."
110,Maihar Fort,Historic hill fort area associated with the Maihar princely state and the Sharda shrine.,heritage,Maihar,Satna,24.27,80.75,68,54,84,October-March,NO,LIMITED,LIMITED,HARD,Curated geographic/tourism dataset,Official tourism / public geographic references,Public reference record - Maihar Fort,"Location is a real, established destination; access conditions can vary seasonally."
111,Bharhut Stupa Site,Important Buddhist archaeological site known for surviving sculptural remains and railings.,heritage,Bharhut,Satna,24.27,81.09,82,35,91,October-March,LIMITED,YES,LIMITED,EASY,Curated geographic/tourism dataset,Official tourism / public geographic references,Public reference record - Bharhut Stupa Site,"Location is a real, established destination; access conditions can vary seasonally."
112,Bateshwar Shiv Temple Group Morena,Historic temple group with numerous small shrines restored in the Morena archaeological landscape.,heritage,Bateshwar,Morena,26.345,78.215,80,45,91,October-March,LIMITED,LIMITED,LIMITED,MODERATE,Curated geographic/tourism dataset,Official tourism / public geographic references,Public reference record - Bateshwar Shiv Temple Group Morena,"Location is a real, established destination; access conditions can vary seasonally."
113,Sas-Bahu Temple Gwalior,Pair of intricately carved medieval temples within the Gwalior Fort complex.,heritage,Gwalior,Gwalior,26.2305,78.172,54,80,94,October-March,LIMITED,YES,YES,HARD,Curated geographic/tourism dataset,Official tourism / public geographic references,Public reference record - Sas-Bahu Temple Gwalior,"Location is a real, established destination; access conditions can vary seasonally."
114,Teli Ka Mandir,Tall historic temple within Gwalior Fort with a distinctive architectural form.,heritage,Gwalior,Gwalior,26.229,78.174,55,82,94,October-March,LIMITED,YES,YES,HARD,Curated geographic/tourism dataset,Official tourism / public geographic references,Public reference record - Teli Ka Mandir,"Location is a real, established destination; access conditions can vary seasonally."
115,Sun Temple Gwalior,Modern temple inspired by the Konark Sun Temple and located in Gwalior.,heritage,Gwalior,Gwalior,26.21,78.22,61,67,87,October-March,YES,YES,YES,EASY,Curated geographic/tourism dataset,Official tourism / public geographic references,Public reference record - Sun Temple Gwalior,"Location is a real, established destination; access conditions can vary seasonally."
116,Ujjain Mahakaleshwar Temple,Major Shaivite pilgrimage temple and one of the twelve Jyotirlinga sites.,heritage,Ujjain,Ujjain,23.1828,75.7682,30,98,97,October-March,LIMITED,LIMITED,YES,EASY,Curated geographic/tourism dataset,Official tourism / public geographic references,Public reference record - Ujjain Mahakaleshwar Temple,"Location is a real, established destination; access conditions can vary seasonally."
117,Ram Ghat Ujjain,Historic bathing and ceremonial ghat on the Shipra River and a major pilgrimage landmark.,heritage,Ujjain,Ujjain,23.176,75.782,35,94,93,October-March,LIMITED,LIMITED,YES,EASY,Curated geographic/tourism dataset,Official tourism / public geographic references,Public reference record - Ram Ghat Ujjain,"Location is a real, established destination; access conditions can vary seasonally."
118,Kal Bhairav Temple Ujjain,Historic temple dedicated to Kal Bhairav and an important pilgrimage site in Ujjain.,heritage,Ujjain,Ujjain,23.182,75.803,42,87,90,October-March,LIMITED,LIMITED,YES,EASY,Curated geographic/tourism dataset,Official tourism / public geographic references,Public reference record - Kal Bhairav Temple Ujjain,"Location is a real, established destination; access conditions can vary seasonally."
119,Harsiddhi Temple Ujjain,"Historic temple near Mahakaleshwar and the Shipra ghats, known for its distinctive lamp pillars.",heritage,Ujjain,Ujjain,23.179,75.768,40,88,91,October-March,LIMITED,LIMITED,YES,EASY,Curated geographic/tourism dataset,Official tourism / public geographic references,Public reference record - Harsiddhi Temple Ujjain,"Location is a real, established destination; access conditions can vary seasonally."
120,Chintaman Ganesh Temple Ujjain,Historic Ganesh temple and pilgrimage destination west of central Ujjain.,heritage,Ujjain,Ujjain,23.169,75.749,51,76,87,October-March,LIMITED,YES,YES,EASY,Curated geographic/tourism dataset,Official tourism / public geographic references,Public reference record - Chintaman Ganesh Temple Ujjain,"Location is a real, established destination; access conditions can vary seasonally."
121,Bhartrihari Caves Ujjain,Small cave complex near the Shipra River associated with the traditional story of Bhartrihari.,heritage,Ujjain,Ujjain,23.184,75.803,68,65,86,October-March,NO,LIMITED,YES,MODERATE,Curated geographic/tourism dataset,Official tourism / public geographic references,Public reference record - Bhartrihari Caves Ujjain,"Location is a real, established destination; access conditions can vary seasonally."
122,Moti Mahal Orchha,Historic palace within Orchha's monumental complex overlooking the Betwa region.,heritage,Orchha,Niwari,25.351,78.6405,61,72,90,October-March,LIMITED,YES,LIMITED,MODERATE,Curated geographic/tourism dataset,Official tourism / public geographic references,Public reference record - Moti Mahal Orchha,"Location is a real, established destination; access conditions can vary seasonally."
123,Chaturbhuj Temple Orchha,Large historic temple in Orchha with elevated terraces and views over the town.,heritage,Orchha,Niwari,25.35,78.639,45,87,94,October-March,LIMITED,YES,LIMITED,MODERATE,Curated geographic/tourism dataset,Official tourism / public geographic references,Public reference record - Chaturbhuj Temple Orchha,"Location is a real, established destination; access conditions can vary seasonally."
